{
  "session_id": "perf_test_20250529_231111",
  "test_timestamp": "2025-05-29T23:11:20.811611",
  "total_tests": 25,
  "performance_metrics": [
    {
      "operation_name": "migration_duration_corrupted_data",
      "start_time": 1748535071.1033823,
      "end_time": 1748535071.3087697,
      "duration": 0.20538735389709473,
      "cpu_usage_before": 11.1,
      "cpu_usage_after": 1.2,
      "memory_before_mb": 26.24609375,
      "memory_after_mb": 26.9921875,
      "memory_peak_mb": 26.34765625,
      "disk_read_before": 2004451150848,
      "disk_write_before": 65540633600,
      "disk_read_after": 2004452305920,
      "disk_write_after": 65540637696,
      "records_processed": 0,
      "throughput_records_per_sec": 0,
      "additional_metrics": {
        "result": "True"
      }
    },
    {
      "operation_name": "migration_duration_edge_cases",
      "start_time": 1748535071.4123347,
      "end_time": 1748535071.6169846,
      "duration": 0.2046499252319336,
      "cpu_usage_before": 11.0,
      "cpu_usage_after": 11.8,
      "memory_before_mb": 27.0,
      "memory_after_mb": 27.00390625,
      "memory_peak_mb": 27.01953125,
      "disk_read_before": 2004452334592,
      "disk_write_before": 65540637696,
      "disk_read_after": 2004452363264,
      "disk_write_after": 65540707328,
      "records_processed": 0,
      "throughput_records_per_sec": 0,
      "additional_metrics": {
        "result": "True"
      }
    },
    {
      "operation_name": "migration_duration_empty_db",
      "start_time": 1748535071.726279,
      "end_time": 1748535071.9281018,
      "duration": 0.20182275772094727,
      "cpu_usage_before": 2.8,
      "cpu_usage_after": 18.1,
      "memory_before_mb": 27.00390625,
      "memory_after_mb": 27.00390625,
      "memory_peak_mb": 27.0234375,
      "disk_read_before": 2004452363264,
      "disk_write_before": 65540707328,
      "disk_read_after": 2004452367360,
      "disk_write_after": 65540707328,
      "records_processed": 0,
      "throughput_records_per_sec": 0,
      "additional_metrics": {
        "result": "True"
      }
    },
    {
      "operation_name": "migration_duration_mixed_platforms",
      "start_time": 1748535072.0351589,
      "end_time": 1748535072.2363315,
      "duration": 0.2011725902557373,
      "cpu_usage_before": 20.5,
      "cpu_usage_after": 5.7,
      "memory_before_mb": 27.00390625,
      "memory_after_mb": 27.00390625,
      "memory_peak_mb": 27.0234375,
      "disk_read_before": 2004452997632,
      "disk_write_before": 65541047296,
      "disk_read_after": 2004453276160,
      "disk_write_after": 65541776384,
      "records_processed": 0,
      "throughput_records_per_sec": 0,
      "additional_metrics": {
        "result": "True"
      }
    },
    {
      "operation_name": "migration_duration_partial_v2",
      "start_time": 1748535072.3433275,
      "end_time": 1748535072.545092,
      "duration": 0.20176458358764648,
      "cpu_usage_before": 9.8,
      "cpu_usage_after": 2.7,
      "memory_before_mb": 27.00390625,
      "memory_after_mb": 27.00390625,
      "memory_peak_mb": 27.0234375,
      "disk_read_before": 2004453370368,
      "disk_write_before": 65542157312,
      "disk_read_after": 2004453493248,
      "disk_write_after": 65542669312,
      "records_processed": 0,
      "throughput_records_per_sec": 0,
      "additional_metrics": {
        "result": "True"
      }
    },
    {
      "operation_name": "migration_duration_performance_1000",
      "start_time": 1748535072.6496768,
      "end_time": 1748535072.8521223,
      "duration": 0.20244550704956055,
      "cpu_usage_before": 7.0,
      "cpu_usage_after": 10.7,
      "memory_before_mb": 27.00390625,
      "memory_after_mb": 27.015625,
      "memory_peak_mb": 27.0234375,
      "disk_read_before": 2004453575168,
      "disk_write_before": 65542980608,
      "disk_read_after": 2004453829120,
      "disk_write_after": 65543037952,
      "records_processed": 0,
      "throughput_records_per_sec": 0,
      "additional_metrics": {
        "result": "True"
      }
    },
    {
      "operation_name": "migration_duration_performance_10000",
      "start_time": 1748535072.9573317,
      "end_time": 1748535073.1590767,
      "duration": 0.20174503326416016,
      "cpu_usage_before": 2.8,
      "cpu_usage_after": 9.2,
      "memory_before_mb": 27.015625,
      "memory_after_mb": 26.7890625,
      "memory_peak_mb": 27.03515625,
      "disk_read_before": 2004453829120,
      "disk_write_before": 65543037952,
      "disk_read_after": 2004456536576,
      "disk_write_after": 65543087104,
      "records_processed": 0,
      "throughput_records_per_sec": 0,
      "additional_metrics": {
        "result": "True"
      }
    },
    {
      "operation_name": "migration_duration_standard_large",
      "start_time": 1748535073.2595477,
      "end_time": 1748535073.465267,
      "duration": 0.2057192325592041,
      "cpu_usage_before": 3.9,
      "cpu_usage_after": 15.3,
      "memory_before_mb": 26.7890625,
      "memory_after_mb": 26.58984375,
      "memory_peak_mb": 26.80859375,
      "disk_read_before": 2004456536576,
      "disk_write_before": 65543087104,
      "disk_read_after": 2004456839680,
      "disk_write_after": 65543087104,
      "records_processed": 0,
      "throughput_records_per_sec": 0,
      "additional_metrics": {
        "result": "True"
      }
    },
    {
      "operation_name": "migration_duration_standard_medium",
      "start_time": 1748535073.5716598,
      "end_time": 1748535073.773842,
      "duration": 0.20218229293823242,
      "cpu_usage_before": 14.9,
      "cpu_usage_after": 4.3,
      "memory_before_mb": 26.58984375,
      "memory_after_mb": 26.9453125,
      "memory_peak_mb": 26.609375,
      "disk_read_before": 2004456839680,
      "disk_write_before": 65543087104,
      "disk_read_after": 2004456888832,
      "disk_write_after": 65543087104,
      "records_processed": 0,
      "throughput_records_per_sec": 0,
      "additional_metrics": {
        "result": "True"
      }
    },
    {
      "operation_name": "migration_duration_standard_small",
      "start_time": 1748535073.8764997,
      "end_time": 1748535074.0780094,
      "duration": 0.20150971412658691,
      "cpu_usage_before": 18.8,
      "cpu_usage_after": 12.0,
      "memory_before_mb": 26.94921875,
      "memory_after_mb": 26.49609375,
      "memory_peak_mb": 26.96875,
      "disk_read_before": 2004456888832,
      "disk_write_before": 65543095296,
      "disk_read_after": 2004456966656,
      "disk_write_after": 65543152640,
      "records_processed": 0,
      "throughput_records_per_sec": 0,
      "additional_metrics": {
        "result": "True"
      }
    },
    {
      "operation_name": "migration_duration_tiktok_focus",
      "start_time": 1748535074.1808257,
      "end_time": 1748535074.381976,
      "duration": 0.20115017890930176,
      "cpu_usage_before": 10.8,
      "cpu_usage_after": 17.9,
      "memory_before_mb": 26.49609375,
      "memory_after_mb": 26.84375,
      "memory_peak_mb": 26.515625,
      "disk_read_before": 2004456966656,
      "disk_write_before": 65543160832,
      "disk_read_after": 2004456995328,
      "disk_write_after": 65543160832,
      "records_processed": 0,
      "throughput_records_per_sec": 0,
      "additional_metrics": {
        "result": "True"
      }
    },
    {
      "operation_name": "migration_duration_unicode_edge",
      "start_time": 1748535074.4916742,
      "end_time": 1748535074.6932132,
      "duration": 0.2015390396118164,
      "cpu_usage_before": 8.1,
      "cpu_usage_after": 16.4,
      "memory_before_mb": 26.84375,
      "memory_after_mb": 26.9609375,
      "memory_peak_mb": 26.86328125,
      "disk_read_before": 2004456995328,
      "disk_write_before": 65543160832,
      "disk_read_after": 2004457081344,
      "disk_write_after": 65543173120,
      "records_processed": 0,
      "throughput_records_per_sec": 0,